{"cameraMode":{"drawMode":0,"name":"Shaded","section":"Shading Mode"},"sceneLighting":true,"audioPlay":false,"sceneViewState":{"showFog":true,"showMaterialUpdate":false,"showSkybox":true,"showFlares":true,"showImageEffects":true,"showParticleSystems":true},"in2DMode":false,"pivot":{"x":326.87896728515627,"y":205.71139526367188,"z":0.0},"rotation":{"x":-0.02396467514336109,"y":0.052460797131061557,"z":0.0012593009741976858,"w":0.9983345866203308},"size":187.41664123535157,"orthographic":true}